-- phpMyAdmin SQL Dump
-- version 3.3.9
-- http://www.phpmyadmin.net
--
-- Host: localhost
-- Generation Time: Apr 07, 2012 at 04:52 AM
-- Server version: 5.1.53
-- PHP Version: 5.3.4



/*!40101 SET @OLD_CHARACTER_SET_CLIENT=@@CHARACTER_SET_CLIENT */;
/*!40101 SET @OLD_CHARACTER_SET_RESULTS=@@CHARACTER_SET_RESULTS */;
/*!40101 SET @OLD_COLLATION_CONNECTION=@@COLLATION_CONNECTION */;
/*!40101 SET NAMES utf8 */;

--
-- Database: `connexus`
--

-- --------------------------------------------------------

--
-- Table structure for table `conventions`
--

CREATE TABLE IF NOT EXISTS `conventions` (
  `ConventionID` int(11) NOT NULL AUTO_INCREMENT,
  `Name` varchar(64) NOT NULL,
  `StartDate` datetime NOT NULL,
  `EndDate` datetime NOT NULL,
  `Location` varchar(64) NOT NULL,
  `Website` varchar(64) DEFAULT NULL,
  `Description` text,
  `Twitter` varchar(32) DEFAULT NULL,
  `Tagline` varchar(128) DEFAULT NULL,
  `Icon` varchar(128) DEFAULT NULL,
  `Map` varchar(255) DEFAULT NULL,
  PRIMARY KEY (`ConventionID`),
  UNIQUE KEY `ConventionID_UNIQUE` (`ConventionID`)
) TYPE=MyISAM  AUTO_INCREMENT=10 ;

--
-- Dumping data for table `conventions`
--

INSERT INTO `conventions` (`ConventionID`, `Name`, `StartDate`, `EndDate`, `Location`, `Website`, `Description`, `Twitter`, `Tagline`, `Icon`, `Map`) VALUES
(2, 'JordanCon III', '2011-04-15 00:00:00', '2011-04-17 12:00:00', 'Crowne Plaza Ravinia, Atlanta, GA', 'http://www.jordancon.org', 'Robert Jordan not only created an amazing fantasy series in The Wheel of Time, but he provided a great platform for fans to come together and celebrate something really special (translate "excuse to party"). Fans have met through online communities, at real life events, and have kept the fan track at Dragon*Con going strong. But that wasn''t enough to truly honor the man who gave us The Wheel of Time. So in 2009, Age of Legends, LLC launched JordanCon, a fan-led convention honoring the works of Robert Jordan and other notable authors of the genre.', 'JordanCon', 'April 15-17, 2011<br />Atlanta, Georgia', 'images/cons/jcon2011-icon.png', 'http://www.con-nexus.com/m/images/cons/jcon2011-map.jpg'),
(8, 'MoCCA Fest 2011', '2011-04-09 11:00:00', '2011-04-10 18:00:00', 'Lexington Avenue Armory, New York, NY', 'http://moccany.org', 'The MoCCA Festival will take place over April 9-10, 2011 at the Lexington Avenue Armory located at 68 Lexington Avenue between 25th and 26th Streets. The annual two-day event attracts thousands of comic art lovers and creators from around the globe to celebrate the world’s most popular art form in the heart of New York City. Since 2002 the MoCCA Festival offers a unique venue to experience comics, mini-comics, web comics, graphic novels, animation, posters, prints, original artwork and more. Each year, the Festival invites dozens of established and emerging creators, scholars, and other experts to participate in two days of lecture/discussion panels on a variety of comics and cartoon topics. For 2011, the panels and programs are being organized by Brian Heater (The Daily Crosshatch)', '#MoCCA', 'April 9 & 10, 2011<br />Lexington Avenue Armory, New York, NY', 'images/cons/moccany2011-icon.png', NULL),
(9, 'JordanCon 4', '2012-04-20 00:00:00', '2012-04-22 23:59:59', 'Roswell, Georgia', 'http://www.jordancon.org', 'JordanCon is a fantasy literature convention founded in honor of the late author, Robert Jordan. Jordan was the author of the best selling The Wheel of Time series. JordanCon features four tracks of simultaneous programming, a Dealers Hall, and charity events benefiting the Mayo Clinic. Past guests have included Harriet McDougal, Brandon Sanderson, David Wong, Jana G. Oliver, David B. Coe and Eugie Foster.\r\nNew to JordanCon this year will be the Art Show featuring art from a variety of fantasy and sci fi artists. Guests this year will include author Mary Robinette Kowal, artist Sam Weber and Toastmaster Melissa Craib Dombrowski.', 'jordancon', NULL, 'images/cons/jcon2012-icon.png', 'images/cons/jcon2012-map.jpg');

-- --------------------------------------------------------

--
-- Table structure for table `events`
--

CREATE TABLE IF NOT EXISTS `events` (
  `EventID` int(10) unsigned NOT NULL AUTO_INCREMENT,
  `ConventionID` int(10) NOT NULL,
  `Title` varchar(64) NOT NULL,
  `StartDate` datetime NOT NULL,
  `EndDate` datetime DEFAULT NULL,
  `Location` varchar(64) NOT NULL,
  `Description` text,
  PRIMARY KEY (`EventID`),
  KEY `ConventionID` (`ConventionID`)
) TYPE=MyISAM  AUTO_INCREMENT=200 ;

--
-- Dumping data for table `events`
--

INSERT INTO `events` (`EventID`, `ConventionID`, `Title`, `StartDate`, `EndDate`, `Location`, `Description`) VALUES
(51, 2, 'Daes Dae''mar', '2011-04-15 16:00:00', '2011-04-15 17:30:00', 'Gardenia', 'Come test your WoT knowledge in this team-based format. [Sign-up at time of event]'),
(50, 2, 'Towers of Midnight Review', '2011-04-15 14:30:00', '2011-04-15 16:00:00', 'Gardenia', 'Kicking off the Con right! Come review the latest installment of our beloved series!'),
(49, 2, 'Wheel of Time Video Auditions', '2011-04-15 16:00:00', '2011-04-15 19:00:00', 'Oakwood B', 'Following the acclaimed Towers of Midnight trailer, Dragonmount.com is preparing to unleash another exciting video featuring beloved WoT characters. If you are an experienced actor who has what it takes to portray one of these iconic characters, bring a resume, headshot, and brief (1 minute) prepared monologue.'),
(48, 2, 'Weapon Forms', '2011-04-15 14:30:00', '2011-04-15 16:00:00', 'Oakwood B', 'Interested in learning the forms for yourself? Come take lessons from our experts.'),
(47, 2, 'Seanchan Poker Game', '2011-04-15 20:30:00', '2011-04-15 23:30:00', 'Oakwood A', 'Come join us in our Annual Seanchan Hold''em Tournament. Proceeds support the Mayo Clinic''s Amyldosis research fund.'),
(46, 2, 'Munchkin Tournament', '2011-04-15 16:00:00', '2011-04-15 17:30:00', 'Oakwood A', 'Who is the best Munchkin player? Come and find out. Open gaming will be offered if there are tables available.'),
(45, 2, 'Open Gaming', '2011-04-15 23:30:00', '2011-04-15 23:59:00', 'Oakwood A', 'Have time for a game? Come meet fellow con-goers and enjoy playing a new or favorite game.'),
(44, 2, 'Open Gaming', '2011-04-15 17:30:00', '2011-04-15 19:00:00', 'Oakwood A', 'Have time for a game? Come meet fellow con-goers and enjoy playing a new or favorite game.'),
(43, 2, 'Open Gaming', '2011-04-15 14:30:00', '2011-04-15 16:00:00', 'Oakwood A', 'Have time for a game? Come meet fellow con-goers and enjoy playing a new or favorite game.'),
(42, 2, 'JordanCon Opening Ceremonies', '2011-04-15 13:00:00', '2011-04-15 15:30:00', 'Oakwood A, Oakwood B', 'Welcome to our third annual JordanCon Opening Ceremonies Extravaganza! Hosted by toastmaster Richard Fife.'),
(52, 2, 'The Boom-Boom Panel', '2011-04-15 17:30:00', '2011-04-15 19:00:00', 'Gardenia', 'The development of gunpowder weapons fulfills Egwene''s dream of Mat changing the world. Come discuss what weapons Mat and Aludra have developed and what''s yet to come.'),
(53, 2, 'The Making of the Towers of Midnight Trailer', '2011-04-15 20:30:00', '2011-04-15 22:00:00', 'Gardenia', 'Join the creators of the acclaimed trailer for Towers of Midnight to learn about the process of making the first-ever video representation of the Wheel of Time.'),
(54, 2, 'Loony Theories', '2011-04-15 22:00:00', '2011-04-15 23:30:00', 'Gardenia', 'The fan favorite is back! Come share your most outlandish ideas and see if you can outdo Matt & Team Moiraine!'),
(55, 2, 'An Hour with the Guest of Honor', '2011-04-15 14:30:00', '2011-04-15 16:00:00', 'Azalea', 'Come spend some time with this year''s JordanCon Guest of Honor, David Coe.'),
(56, 2, 'Writing for the Younger Crowd', '2011-04-15 16:00:00', '2011-04-15 17:30:00', 'Azalea', 'Thinking about taking a crack at the YA market? Jana Oliver and Eugie Foster discuss what makes YA different.'),
(57, 2, 'The Industry', '2011-04-15 17:30:00', '2011-04-15 19:00:00', 'Azalea', 'A discussion of the writing industry, where we stand and what the future holds.'),
(58, 2, 'Magic: The Gathering Draft with Brandon Sanderson', '2011-04-15 20:30:00', '2011-04-15 23:30:00', 'Azalea', 'Come enjoy a nice game of Magic with Brandon Sanderson. Brandon''s pwning of fans is set to kick off at 9:00 PM.'),
(59, 2, 'Game Design and You', '2011-04-16 11:30:00', '2011-04-16 13:00:00', 'Oakwood A', 'Come talk to a professional game designer about adapting your favorite book or TV series as a "homebrew" tabletop game.'),
(60, 2, 'Wheel of Time RPG Review', '2011-04-16 13:00:00', '2011-04-16 14:30:00', 'Oakwood A', 'Discuss the Wheel of Time game that was released by Wizards of the Coast a few years back. What did they do right, what did they do wrong.'),
(61, 2, 'Wheel of Time RPG Gaming', '2011-04-16 14:30:00', '2011-04-16 16:00:00', 'Oakwood A', 'Come join a gaming session. If this is your first time playing then you''ll have a great time learning.'),
(62, 2, 'A Memory of Light: Status Report', '2011-04-16 16:00:00', '2011-04-16 17:00:00', 'Oakwood A, Oakwood B', 'In 2008, Brandon set out to write the last <cite>Wheel of Time</cite> book. Three years and two books later, we''re almost there.'),
(63, 2, 'Costume Contest Pre-Judging', '2011-04-16 17:00:00', '2011-04-16 17:30:00', 'Oakwood A, Oakwood B', 'Mandatory for all contest participants, closed to spectators.'),
(64, 2, 'Costume Contest', '2011-04-16 17:30:00', '2011-04-16 19:00:00', 'Oakwood A, Oakwood B', 'Show off your tailoring skills or just come to watch the parade of Seanchan, Aes Sedai, Asha''man, and more!'),
(65, 2, 'Darkfriend Ice Cream Social', '2011-04-16 20:30:00', '2011-04-16 23:30:00', 'Oakwood A, Oakwood B', 'The main shindig of the convention! Come enjoy an evening with your friends dressed up in your best evil attire (be that a tux or your most evil jeans!). Aradani Studios will light up the dance floor, and delicious ice cream will be served.<br /><br />And don''t miss the annual silent auction benefiting the Mayo Clinic! Many unique items are available for your bids, all going to a wonderful cause!'),
(66, 2, 'Literary Costuming - The Devil in the Details', '2011-04-16 10:00:00', '2011-04-16 11:30:00', 'Oakwood B', 'How to turn a description on the page into a pattern, source accessories, materials and more!'),
(67, 2, 'Warder Basic Training', '2011-04-16 11:30:00', '2011-04-16 13:00:00', 'Oakwood B', 'Basic concepts of sword movement. Two 30-minute sessions, each with space for six participants. Spectators welcomed. [Sign-up outside the room prior to event.]'),
(68, 2, 'Corsets - Taming the Shrew', '2011-04-16 13:00:00', '2011-04-16 14:30:00', 'Oakwood B', 'The devil of all costuming pieces made easy. This course covers historical basics of the corset, easier patterns to use, and how to cheat with less expensive supplies and shortcuts.'),
(69, 2, 'Tiganza Performance & Lessons', '2011-04-16 14:30:00', '2011-04-16 16:00:00', 'Oakwood B', 'A demonstration of different styles of bellydancing, along with the opportunity to try a few moves yourself.'),
(70, 2, 'In the Beginning...', '2011-04-16 10:00:00', '2011-04-16 11:30:00', 'Gardenia', 'Things were different when this adventure began. Whatever happened to magical staves and giant Moiraine stepping over city walls? Did our understanding of the world change, or the world itself?'),
(71, 2, 'Mysteries the Waste Holds', '2011-04-16 11:30:00', '2011-04-16 13:00:00', 'Gardenia', 'Aviendha had some interesting encounters in and around Rhuidean. What we learned from Nakomi, Malidra, Padra and those in between.'),
(72, 2, 'Illian''s National Trivia Bee', '2011-04-16 13:00:00', '2011-04-16 14:30:00', 'Gardenia', 'This bee format does not grade spelling or even pronunciation! Come test your individual Wheel of Time knowledge against other fans. [Up to 48 players, sign-up at time of event.]'),
(73, 2, 'The Worlds of Hoid', '2011-04-16 14:30:00', '2011-04-16 16:00:00', 'Gardenia', 'Focusing on the Stormlight Archive, this panel will also discuss Elantris, Mistborn, and Warbreaker.'),
(74, 2, 'Professional Photos', '2011-04-16 20:30:00', '2011-04-16 23:30:00', 'Gardenia', 'Have your photo taken with your friends by a professional photographer and enjoy a memento of JordanCon 2011. Photos will be available online after the convention.'),
(75, 2, 'Peer Review Session', '2011-04-16 10:00:00', '2011-04-16 11:30:00', 'Azalea', 'Bring a sample of your work to share and critique.'),
(76, 2, 'Fantasy Writing', '2011-04-16 12:00:00', '2011-04-16 13:30:00', 'Azalea', 'A 90 minute crash course in writing fantasy novels.'),
(77, 2, 'Keeping a Long Series Fresh', '2011-04-16 14:30:00', '2011-04-16 16:00:00', 'Azalea', 'Worried that your series is getting a bit stale? Authors share tips on how to keep it fresh and exciting.'),
(78, 2, 'Business Realities for the Aspiring Writer', '2011-04-16 16:00:00', '2011-04-16 17:00:00', 'Azalea', 'You want to be a writer but don''t know what it takes? Our professionals discuss the business side of writing.'),
(79, 2, 'Open Gaming', '2011-04-16 20:30:00', '2011-04-16 22:00:00', 'Azalea', 'Have time for a game? Come meet fellow con-goers and enjoy playing a new or favorite game.'),
(80, 2, 'Magic with Brandon', '2011-04-16 22:00:00', '2011-04-16 23:59:00', 'Azalea', 'Can you muster a successful Magic the Gathering deck and defeat "The" Brandon Sanderson? Bring your deck and find out.'),
(81, 2, 'The Dark One''s Own Luck', '2011-04-17 10:00:00', '2011-04-17 11:30:00', 'Oakwood A', 'Learn about the games from the Wheel of Time. Stones, Snakes and Foxes, and Mat''s Dice.'),
(82, 2, 'Open Gaming', '2011-04-17 11:30:00', '2011-04-17 13:00:00', 'Oakwood A', 'Have time for a game? Come meet fellow con-goers and enjoy playing a new or favorite game.'),
(83, 2, 'Open Gaming', '2011-04-17 13:00:00', '2011-04-17 14:30:00', 'Oakwood A', 'Have time for a game? Come meet fellow con-goers and enjoy playing a new or favorite game.'),
(84, 2, 'Open Gaming', '2011-04-17 14:30:00', '2011-04-17 16:00:00', 'Oakwood A', 'Have time for a game? Come meet fellow con-goers and enjoy playing a new or favorite game.'),
(85, 2, 'Open Gaming', '2011-04-17 16:00:00', '2011-04-17 17:30:00', 'Oakwood A', 'Have time for a game? Come meet fellow con-goers and enjoy playing a new or favorite game.'),
(86, 2, 'Heron in Gold Embroidery', '2011-04-17 10:00:00', '2011-04-17 13:00:00', 'Oakwood B', 'Learn basic goldwork for costming to embroider a heron in gold or silver metal threads and purls. Bring: sewing kit, fine embroidery needles, large daming needle, 15" square of calico basted under 15" square of medium-heavy fabric of solid bold color that contrasts with chosen metal, 8" embroidery hoop, quilter''s pencil, reel of Guterman sewing thread #968 for gold or #8 for silver. Contact Linda at lindataglieri@hotmail.com before the convention for further instructions.'),
(87, 2, 'Blademaster Challenge', '2011-04-17 13:00:00', '2011-04-17 14:30:00', 'Oakwood B', 'Think you have what it takes to be a Blademaster? Come test your skills in our second annual tournament!'),
(88, 2, 'The Art of Henna', '2011-04-17 14:30:00', '2011-04-17 16:00:00', 'Oakwood B', 'Learn the basics of the ancient art of henna, from mixing paste to design.'),
(89, 2, 'Breakfast & Books', '2011-04-17 10:00:00', '2011-04-17 11:30:00', 'Gardenia', 'Bring your own bagel and take a chair! Dying to talk about Fortuona? Syl? Kvothe? This is your chance!'),
(90, 2, 'The Assault on Ghenjei', '2011-04-17 11:30:00', '2011-04-17 13:00:00', 'Gardenia', 'Mat, Thom and Noal take on the world of the Snakes and Foxes. We''ll talk about what we lost and what we gained.'),
(91, 2, 'Black Tower and Red Blood', '2011-04-17 13:00:00', '2011-04-17 14:30:00', 'Gardenia', 'With the arrival of Aes Sedai at the Black Tower, things have taken a turn to the dark side. Come and discuss what dark doings are afoot.'),
(92, 2, 'The Last Theory Panel Ever', '2011-04-17 14:30:00', '2011-04-17 16:00:00', 'Gardenia', 'Join our last chance to predict what will be included in the Wheel of Time series. Though some theories may never be resolved, this is the last offcial panel to Foretell the ones that will be.'),
(93, 2, 'Feedback & Leavetakings', '2011-04-17 16:00:00', '2011-04-17 17:30:00', 'Gardenia', 'Come tell us what you liked this year and what you''d like to see next year.'),
(94, 2, 'Crafting the Perfect Villain', '2011-04-17 10:00:00', '2011-04-17 11:30:00', 'Azalea', 'The good guys always get the limelight, but what about the bad guy or gal? How do you craft a villain that balances menace, mayhem and still seems real? Tips for Evil Person construction will abound.'),
(95, 2, 'Rewriting History', '2011-04-17 11:30:00', '2011-04-17 13:00:00', 'Azalea', 'Ever wonder what it would be like if history were different? Our author guests trade tips and tricks for historical ficton.'),
(96, 2, 'JordanCon''s Got Talent', '2011-04-17 13:00:00', '2011-04-17 14:30:00', 'Azalea', 'Come give your 30-second book pitch to our experts!'),
(97, 2, 'Autograph Signing (Brandon Sanderson & Harriet McDougal)', '2011-04-15 16:00:00', '2011-04-15 17:30:00', 'Camellia', 'Have your books & memorabilia autographed by Brandon Sanderson and Harriet McDougal Rigney.'),
(98, 2, 'Autograph Signing (David B. Coe)', '2011-04-16 14:30:00', '2011-04-16 15:00:00', 'Camellia', 'Have your books & memorabilia autographed by David B. Coe.'),
(99, 2, 'Autograph Signing (Jana Oliver, Eugie Foster)', '2011-04-16 13:00:00', '2011-04-16 14:30:00', 'Camellia', 'Have your books & memorabilia autographed by Jana Oliver and Eugie Foster.'),
(100, 2, 'Autograph Signing (Brandon Sanderson)', '2011-04-17 11:30:00', '2011-04-17 13:00:00', 'Camellia', 'Have your books & memorabilia autographed by Brandon Sanderson.'),
(101, 2, 'Kaffeklatch: Invitation Only (David B. Coe)', '2011-04-16 11:30:00', '2011-04-16 12:30:00', 'Dogwood', 'An hour with JordanCon 2011''s Guest of Honor, David B. Coe. By invitation only.'),
(102, 2, 'Kaffeklatch: Invitation Only (Harriet McDougal & Wilson Grooms)', '2011-04-16 13:00:00', '2011-04-16 14:00:00', 'Dogwood', 'An hour with the Rigneys: Harriet McDougal and Wilson Grooms. By invitation only.'),
(103, 2, 'Kaffeklatch: Invitation Only (Team Jordan)', '2011-04-16 14:30:00', '2011-04-16 15:30:00', 'Dogwood', 'An hour with Team Jordan: Brandon Sanderson, Alan Romanczuk, Maria Simons'),
(104, 8, 'Teaching Comics', '2011-04-09 11:30:00', '2011-04-09 12:30:00', 'Panel Room A', 'From reading for content/visuals, to teaching how to "read" their visual rhetoric, to thinking about how to tell a story visually, what makes comics worth teaching?'),
(105, 8, 'Sequential Non-Fiction', '2011-04-09 12:30:00', '2011-04-09 13:30:00', 'Panel Room A', 'Painting real world stories, from autobiographical to historical, through the lens of the graphic novel.'),
(106, 8, 'Building a Book, From Start to Finish', '2011-04-09 13:30:00', '2011-04-09 14:30:00', 'Panel Room A', 'An exploration of the blood, sweat, and tears that go into making a book.'),
(107, 8, 'The Klein Award/Volunteer of the Year', '2011-04-09 14:30:00', '2011-04-09 15:30:00', 'Panel Room A', 'Al Jaffee recieves the 2011 Klein Award.'),
(108, 8, 'Going MAD in the 21st Century', '2011-04-09 15:30:00', '2011-04-09 16:30:00', 'Panel Room A', 'How has the past decade impacted Mad Magazine, and what does the future hold for the usual gang of idiots?'),
(109, 8, 'The State of Editorial Cartooning', '2011-04-09 16:30:00', '2011-04-09 17:30:00', 'Panel Room A', 'The trials and tribulations of creating political cartoons in 2011.'),
(110, 8, 'MoCCA Presents the Cross Hatch Carousel', '2011-04-09 17:30:00', '2011-04-09 18:30:00', 'Panel Room A', 'Cartoonists and voice actors perform live comics readings.'),
(111, 8, 'Drawing with Rick Parker', '2011-04-09 12:30:00', '2011-04-09 13:30:00', 'Panel Room B', 'Cartoonist Rick Parker teaches kids of all ages the art of cartooning'),
(112, 8, 'Gahan Wilson: Playboy and Beyond', '2011-04-09 13:30:00', '2011-04-09 14:30:00', 'Panel Room B', 'We explore the long, storied career of satirist Gahan Wilson.'),
(113, 8, 'Dash Shaw and the Brecht Evens in Conversation', '2011-04-09 14:30:00', '2011-04-09 15:30:00', 'Panel Room B', 'Dash Shaw and Brecht Evens are among the most prodigious and prolific young artists working in comics today. Both began publishing ambitious work while still in school, and both have since gained notice for their lush, inventive and thoughtful comics.'),
(114, 8, 'Spotlight on the World', '2011-04-09 15:30:00', '2011-04-09 16:30:00', 'Panel Room B', 'A look at MoCCA Fest''s international comics community.'),
(115, 8, 'MoCCA Presents Comic Book Club', '2011-04-09 16:30:00', '2011-04-09 17:30:00', 'Panel Room B', 'Direct from the People''s Improv Theater, Comic Book Club explores the intersection of comic books, comedy, and pop culture.'),
(116, 8, 'Batman, The Joker and Beyond', '2011-04-10 11:30:00', '2011-04-10 12:30:00', 'Panel Room A', ''),
(117, 8, 'Almost True', '2011-04-10 12:30:00', '2011-04-10 13:30:00', 'Panel Room A', 'Where autobiography and fiction collide.'),
(118, 8, 'The Enterprising of Will Eisner', '2011-04-10 13:30:00', '2011-04-10 14:30:00', 'Panel Room A', 'Come learn about who Will Eisner was as an entrepreneuring artist in a time when New York was the center of the commercial art universe, and how his art was shaped by that environment.'),
(119, 8, 'Pizza Island: The Panel', '2011-04-10 14:30:00', '2011-04-10 15:30:00', 'Panel Room A', 'Some of today''s brightest young cartoonists share a workspace in Brooklyn. Here is their story.'),
(120, 8, 'A New Generation of New Yorker Cartoons', '2011-04-10 15:30:00', '2011-04-10 16:30:00', 'Panel Room A', 'An examination of the present - and future - of New Yorker cartoons.'),
(121, 8, 'World War 3 Illustrated at 30', '2011-04-10 16:30:00', '2011-04-10 17:30:00', 'Panel Room A', 'A look back on 30 years of groundbreaking progressive cartooning.'),
(122, 8, 'MoCCA Mini-Animation Festival', '2011-04-10 17:30:00', '2011-04-10 18:30:00', 'Panel Room A', 'We close out the festival with a showcase of animated shorts.'),
(123, 8, 'YA and Comics: Ever the Two Shall Meet', '2011-04-10 12:30:00', '2011-04-10 13:30:00', 'Panel Room B', 'Some of comics'' most fascinating titles and groundbreaking artists can be found in the young adult section of your local bookstore.'),
(124, 8, 'Peter Bagge: A History of Hate', '2011-04-10 13:30:00', '2011-04-10 14:30:00', 'Panel Room B', 'A one-on-one conversation with one of alternative comics'' most influential and enduring voices.'),
(125, 8, 'Mini-Comics Crash Course', '2011-04-10 14:30:00', '2011-04-10 15:30:00', 'Panel Room B', 'A crash course in cartoon storytelling and presentation. Attendees will improvise their own cartoon story and then design and package their own mini-comic in the session.'),
(126, 8, 'Ink Panthers Live', '2011-04-10 15:30:00', '2011-04-10 16:30:00', 'Panel Room B', 'The Popular Podcast! Live! With special guests!'),
(127, 8, 'Reciprocal Influence: Comics and Graphic Design', '2011-04-10 16:30:00', '2011-04-10 17:30:00', 'Panel Room B', 'You put your comics in my graphic design! You put your graphic design in my comics! Four multi-disciplinary creators show how comics have influenced their work, as well as the influence of graphic design, typography, and illustration on comics themselves.'),
(128, 9, 'JordanCon Opening Ceremonies', '2012-04-20 13:00:00', NULL, 'Great Oaks ABC', 'Welcome to our fourth annual JordanCon''s Opening Ceremonies Extravaganza!'),
(129, 9, 'Open Gaming', '2012-04-20 14:30:00', NULL, 'Great Oaks A', 'Open gaming to commence immediately after opening ceremonies! Bring your favorite game!'),
(130, 9, 'CAGE MATCH- Fantasy vs. Sci-fi', '2012-04-20 14:30:00', NULL, 'Goulding C', 'During this panel, we will create two teams & dream up the baddest collection of all of our Sci-Fi & Fantasy knowledge to pit against each other in a CAGE MATCH. Congoers vote and the winners will be announced during the Social!'),
(131, 9, 'The Art of Henna', '2012-04-20 14:30:00', NULL, 'Great Oaks BC', 'Learn the basics of the ancient art of henna, from mixing paste to design.'),
(132, 9, 'Daes Dae''mar', '2012-04-20 14:30:00', NULL, 'Goulding B', 'A favorite trivia format returns!  Come test your WoT knoledge in this team-based format.  [Sign up at time of event]'),
(133, 9, 'An Hour with the Guest of Honor', '2012-04-20 14:30:00', NULL, 'Goulding A', 'Come spend some time with this year''s JordanCon GoH.'),
(134, 9, 'Open Gaming', '2012-04-20 16:00:00', NULL, 'Great Oaks A', 'Open gaming, bring your favorite games, teach your favorite games! Will last until people decide to stop playing!'),
(135, 9, 'Is it Fantasy or Sci-Fi?', '2012-04-20 16:00:00', NULL, 'Goulding C', 'A discussion of the differences between these often-linked genres and why (other) people don''t take them seriously enough!'),
(136, 9, 'Spear Fighting Tournament', '2012-04-20 16:00:00', NULL, 'Great Oaks BC', 'Do you want to be the very best?  Like no one ever was?  Come dance the spears and test your mettle in JordanCon''s first(possibly only) spear fighting competition.'),
(137, 9, 'The Future of the Aiel', '2012-04-20 16:00:00', NULL, 'Goulding B', 'Celebrating our Car''a''con theme, we will predict where the Aiel go from here.  What did Aviendha learn from Nakomi and will Nakomi herself change the fate of the Aiel?  Come predict the future of the Dedicated.'),
(138, 9, 'The Alternatives', '2012-04-20 16:00:00', NULL, 'Goulding A', 'A talk on the pros and cons of small press and self-publishing.'),
(139, 9, 'Open Gaming', '2012-04-20 17:30:00', NULL, 'Great Oaks A', 'Open gaming, bring your favorite games, teach your favorite games! Will last until people decide to stop playing!'),
(140, 9, 'Young Adult Literature', '2012-04-20 17:30:00', NULL, 'Goulding C', 'Harry Potter, Alcatraz, The Hunger Games, Twilight... why are full-grown adults reading this stuff?'),
(141, 9, 'Book Cover Production Process', '2012-04-20 17:30:00', NULL, 'Great Oaks BC', 'An outline of the process, from start to finish, of how book covers are created. From communication between the art director and the artist. To gathering reference, making the painting and finishing it digitally.'),
(142, 9, 'Who Lives & Who Dies', '2012-04-20 17:30:00', NULL, 'Goulding B', 'This is it.  A Memory of Light is on its way.  Who do you predict will make it through the final pages?'),
(143, 9, 'Shifting Language', '2012-04-20 17:30:00', NULL, 'Goulding A', 'Join Medieval scholar Dr. Michael Livingston and Hugo award-winning author Mary Robinette Kowal as they talk about how the English language has shifted over the centuries and how you can use that shift in fiction.'),
(144, 9, 'JordanCon Mixer', '2012-04-20 20:00:00', NULL, 'Great Oaks ABC', 'Enjoy a live TWOTcast as you mingle with the Con guests.  Some content not suitable for all ages.'),
(145, 9, 'Seanchan Hold ''Em', '2012-04-20 20:00:00', NULL, 'Goulding AB', 'Come try your luck at our annual poker tournament benefiting the Mayo Clinic.'),
(146, 9, 'Friday Night TV', '2012-04-20 20:00:00', NULL, 'Goulding C', 'Friday Night Fantasy- A Game of Thrones! Some content not suitable for all ages.'),
(147, 9, 'JordanCon Mixer', '2012-04-20 22:00:00', NULL, 'Great Oaks ABC', '(Continued) Come hang out with your fellow con goers and play some RockBand.'),
(148, 9, 'Open Gaming', '2012-04-21 10:00:00', NULL, 'Great Oaks A', 'Open gaming, bring your favorite games, teach your favorite games! Will last until people decide to stop playing!'),
(149, 9, 'Mistborn Panel', '2012-04-21 10:00:00', NULL, 'Goulding C', 'A discussion about the four books currently making up this series.'),
(150, 9, 'Literary Costuming - The Devil in the Details', '2012-04-21 10:00:00', NULL, 'Great Oaks BC', 'Learn how to execute those pesky costume details, and the importance of a completing a look with accessories (hair, make-up, etc).'),
(151, 9, 'Robert Jordan''s Redefinition of Tolkien''s Fantasy', '2012-04-21 10:00:00', NULL, 'Goulding B', 'Michael Livingston, Professor of English from The Citadel (Robert Jordan''s alma mater), presents a lecture defending fantasy literature and highlighting the ways in which Jordan is productively viewed as the American heir to the Tolkien tradition.'),
(152, 9, 'The Writer''s Group', '2012-04-21 10:00:00', NULL, 'Goulding A', 'Emilie Bush discusses the role of writer''s groups in 21st century publishing.'),
(153, 9, 'Dread', '2012-04-21 11:30:00', NULL, 'Great Oaks A', 'A horror RPG using a Jenga Tower for conflict resolution. Knock down the tower, and your character is offed, at my discretion.'),
(154, 9, 'What''s Coming From Tor', '2012-04-21 11:30:00', NULL, 'Goulding C', 'Come get a sneak peek at forthcoming projects from Tor Books'),
(155, 9, 'Bob and Carl, Sci-Fi Janitors', '2012-04-21 11:30:00', NULL, 'Great Oaks BC', 'Join puppet internet celebrities to learn how the Sci-Fi Janitors get made.'),
(156, 9, 'Robert Jordan''s Redefinition of Tolkien''s Fantasy', '2012-04-21 11:30:00', NULL, 'Goulding B', '(Continued from 10:00) Michael Livingston, Professor of English from The Citadel (Robert Jordan''s alma mater), presents a lecture defending fantasy literature and highlighting the ways in which Jordan is productively viewed as the American heir to the Tolkien tradition.'),
(157, 9, 'I''ve Seen the Future and it''s E-Books', '2012-04-21 11:30:00', NULL, 'Goulding A', 'A discussion on ebooks and the future of publishing.'),
(158, 9, 'Dread', '2012-04-21 13:00:00', NULL, 'Great Oaks A', '(Continued from 11:30) A horror RPG using a Jenga Tower for conflict resolution. Knock down the tower, and your character is offed, at my discretion.'),
(159, 9, 'STEAMPUNK HOUR', '2012-04-21 13:00:00', NULL, 'Goulding C', 'You know you love it! A discussion of Steampunk in literature and TV.'),
(160, 9, 'Molding & Casting Props', '2012-04-21 13:00:00', NULL, 'Great Oaks BC', 'The Engineer Guy shows how to mold and cast props with professional results.'),
(161, 9, 'Illian''s National Trivia Bee', '2012-04-21 13:00:00', NULL, 'Goulding B', 'Pick a question from the hat and test your individual WoT knowledge against other fans!  [Sign up at time of event.]'),
(162, 9, 'Keeping it Short', '2012-04-21 13:00:00', NULL, 'Goulding A', 'A discussion on the differences in writing short fiction and novels.'),
(163, 9, 'Open Gaming', '2012-04-21 14:30:00', NULL, 'Great Oaks A', ''),
(164, 9, 'Baen Traveling Roadshow', '2012-04-21 14:30:00', NULL, 'Goulding C', 'Join the Baen Traveling Road Show and see what''s on tap for release in the next 12 months, then stick around for FREE BOOKS!'),
(165, 9, 'In Memoriam: Darrell K. Sweet', '2012-04-21 14:30:00', NULL, 'Great Oaks BC', 'Celebrating the life & works of legendary artist, Darrell K. Sweet.'),
(166, 9, 'Loony Theories', '2012-04-21 14:30:00', NULL, 'Goulding B', 'The perennial favorite!  Come share your craziest predictions while shouting down your fellow crazies!'),
(167, 9, 'Schmoozing 101', '2012-04-21 14:30:00', NULL, 'Goulding A', 'Conventions offer a chance to meet some of the top names in the field. How can you take advantage of that without coming off like a weasel? Learn about the etiquette of talking to editors and how to effectively "work a room."'),
(168, 9, 'A Memory of Light: Status Report', '2012-04-21 16:00:00', NULL, 'Great Oaks ABC', 'The final Wheel of Time book will be published January 8th, 2013.'),
(169, 9, 'History and Fantasy Hour', '2012-04-21 16:00:00', NULL, 'Goulding C', 'A discussion about mixing fantasy with history and keeping it accurate.'),
(170, 9, 'Publishing in the 21st Century', '2012-04-21 16:00:00', NULL, 'Goulding A', 'Emilie Bush presents her workshop on getting your book published.'),
(171, 9, 'Publishing in the 21st Century', '2012-04-21 17:30:00', NULL, 'Goulding A', '(Continued from 4:00) Emilie Bush presents her workshop on getting your book published.'),
(172, 9, 'Costume Contest Pre-judging', '2012-04-21 17:00:00', NULL, 'Goulding C', 'Judges and contestants only, no spectators please.'),
(173, 9, 'Costume Contest', '2012-04-21 17:30:00', NULL, 'Great Oaks ABC', 'Show of your tailoring skills or just come to watch the parade of Seanchan, Aes Sedai, Asha''man, and more!'),
(174, 9, 'Magic: The Gathering Sealed', '2012-04-21 20:30:00', NULL, 'Great Oaks A', 'Come try your luck at our annual Magic game.  There will be both amateur and experienced brackets.  There will be an associated fee for participation depending on the number of players.'),
(175, 9, 'Dance the Spears', '2012-04-21 20:30:00', NULL, 'Great Oaks ABC', 'Enjoy our annual silent auction benefiting the Mayo Clinic, while Aradani Studios lights up our dance floor.  Hosted by toastmaster Melissa Craib Dombrowski.'),
(176, 9, 'Saturday Night TV', '2012-04-21 20:30:00', NULL, 'Goulding C', 'Saturday Night Sci-Fi: FIREFLY!  (Some content not suitable for all ages.)'),
(177, 9, 'Folklore and Fairytales', '2012-04-22 13:00:00', NULL, 'Goulding A', 'Incorporating myth and tradition into fiction.'),
(178, 9, 'Open Gaming', '2012-04-22 10:00:00', NULL, 'Great Oaks A', 'Open gaming, bring your favorite games, teach your favorite games! Will last until people decide to stop playing!'),
(179, 9, 'Vampires in Literature', '2012-04-22 10:00:00', NULL, 'Goulding C', 'Whether they glitter, breathe or are just plain scary, we love them! A discussion of vampires in classic, YA and urban fantasy.'),
(180, 9, 'Stitch and Bloody Buttered Onions', '2012-04-22 10:00:00', NULL, 'Great Oaks BC', 'An informal workshop session. Bring works in progress for feedback or come to share your knowledge.'),
(181, 9, 'Breakfast & Books Featuring Verin', '2012-04-22 10:00:00', NULL, 'Goulding B', 'In honor of Verin''s own very special books, we''ll start this session of Breakfast & Books with a review of Verin''s life''s work.'),
(182, 9, 'The Business', '2012-04-22 10:00:00', NULL, 'Goulding A', 'Our industry professionals talk about what goes on in the publishing world.'),
(183, 9, 'Open Gaming', '2012-04-22 11:30:00', NULL, 'Great Oaks A', 'Open gaming, bring your favorite games, teach your favorite games! Will last until people decide to stop playing!'),
(184, 9, 'At The Intersection of Puppetry and Science Fiction', '2012-04-22 11:30:00', NULL, 'Goulding C', 'What can the fiction world learn from puppetry?'),
(185, 9, 'Enhancing Male and Female WOT Costumes', '2012-04-22 11:30:00', NULL, 'Great Oaks BC', 'So you''ve got together a WOT costume and would like advice on how to embroider or trim it? Come discuss the mainland national styles in costume decoration and how these are varied according to sex, rank, materials, personal style and even skill level. Samples will be shown.'),
(186, 9, 'The Last Theory Panel Ever', '2012-04-22 11:30:00', NULL, 'Goulding B', 'This time we mean it.'),
(187, 9, 'Open Gaming', '2012-04-22 13:00:00', NULL, 'Great Oaks A', 'Open gaming, bring your favorite games, teach your favorite games! Will last until people decide to stop playing!'),
(188, 9, 'Urban Fantasy-Land', '2012-04-22 13:00:00', NULL, 'Goulding C', 'A discussion about the genre that seems to be overtaking the Fantasy shelves at the bookstore!'),
(189, 9, 'Costuming in Any Era', '2012-04-22 13:00:00', NULL, 'Great Oaks BC', 'Come join us as we talk about what makes truly spectacular costuming from Steampunk to whatever time you might imagine!'),
(190, 9, 'Betrayers of Hope', '2012-04-22 13:00:00', NULL, 'Goulding B', 'Who are the traitors yet to be revealed? Is Sorilea a darkfriend? Is King Roedran really the Forsaken known as Demandred? What is Lanfear''s play?  Join our discussion of who might be hiding in the shadows.'),
(191, 9, 'Open Gaming', '2012-04-22 14:30:00', NULL, 'Great Oaks A', 'Open gaming, bring your favorite games, teach your favorite games! Will last until people decide to stop playing!'),
(192, 9, 'The Way of Kings', '2012-04-22 14:30:00', NULL, 'Goulding C', 'Epic Fantasy done Sanderson''s way.'),
(193, 9, 'BarCamp Panel', '2012-04-22 14:30:00', NULL, 'Great Oaks BC', 'Contents to be announced at the convention.'),
(194, 9, 'Now Enter the Ogier', '2012-04-22 14:30:00', NULL, 'Goulding B', 'Will the Ogier open the Book of Translation and enter another world, or will they enter the fight against the Shadow?'),
(195, 9, 'Publishing Idol', '2012-04-22 14:30:00', NULL, 'Goulding A', 'Come practice pitching your book to our Industry Professionals and get critical feedback and tips on winning over a publisher.'),
(196, 9, 'Open Gaming', '2012-04-22 16:00:00', NULL, 'Great Oaks A', 'Open gaming, bring your favorite games, teach your favorite games! Will last until people decide to stop playing!'),
(197, 9, 'What SHOULD we be reading?', '2012-04-22 16:00:00', NULL, 'Goulding C', 'An hour dedicated to little known and new authors, small print circulations, and anything else we haven''t addressed this weekend!'),
(198, 9, 'Feedback & Leavetakings', '2012-04-22 16:00:00', NULL, 'Goulding B', 'Come tell us what you liked this year and what you''d like to see next year.'),
(199, 9, 'Selling Yourself', '2012-04-22 11:30:00', NULL, 'Goulding A', 'A discussion on marketing your self through both traditional media and Social media.');

-- --------------------------------------------------------

--
-- Table structure for table `feedback`
--

CREATE TABLE IF NOT EXISTS `feedback` (
  `FeedbackID` int(11) NOT NULL AUTO_INCREMENT,
  `Content` text NOT NULL,
  `Meta` varchar(255) NOT NULL,
  `SubmitDate` datetime NOT NULL,
  PRIMARY KEY (`FeedbackID`)
) TYPE=MyISAM  AUTO_INCREMENT=21 ;

--
-- Dumping data for table `feedback`
--

INSERT INTO `feedback` (`FeedbackID`, `Content`, `Meta`, `SubmitDate`) VALUES
(20, 'test', 'General Feedback for JordanCon 4[9]', '2012-03-28 06:54:06'),
(19, '', 'Feedback for Young Adult Literature', '2012-03-28 05:48:37'),
(18, '', 'Feedback for CAGE MATCH- Fantasy vs. Sci-fi', '2012-03-28 05:47:34');

-- --------------------------------------------------------

--
-- Table structure for table `guests`
--

CREATE TABLE IF NOT EXISTS `guests` (
  `GuestID` int(11) NOT NULL AUTO_INCREMENT,
  `FirstName` varchar(64) NOT NULL,
  `LastName` varchar(64) DEFAULT NULL,
  `Bio` text,
  `Website` varchar(255) DEFAULT NULL,
  PRIMARY KEY (`GuestID`)
) TYPE=MyISAM  AUTO_INCREMENT=155 ;

--
-- Dumping data for table `guests`
--

INSERT INTO `guests` (`GuestID`, `FirstName`, `LastName`, `Bio`, `Website`) VALUES
(1, 'Brandon', 'Sanderson', 'Brandon Sanderson writes epic fantasy books for Tor Books and children''s fantasy books for Scholastic Press. In 2007, it was announced that he would be completing Robert Jordan''s epic masterpiece, The Wheel of Time. Brandon is a two-time Campbell Award nominee; his books have been published in 14 languages.', 'www.brandonsanderson.com'),
(2, 'Richard', 'Fife', 'Richard is a writer, Tor.com blogger, and an unabashed, although late blooming, Wheel of Time fanboy. He is pleased beyond words to be the Master of Ceremonies for JordanCon 3, but he does wonder if the chairwoman is saying something by having him MC the "unquestionable evil" convention.', 'www.richardfife.com'),
(5, 'David B.', 'Coe', 'David received his undergraduate degree from Brown University and then attended Stanford University as a graduate student in United States history. He wrote his doctoral dissertation on conservation policy during the New Deal, receiving his Ph.D. in 1993. He briefly considered pursuing a career as an academic, but wisely thought better of it. David is now a full-time writer, specializing in fantasy and science fiction. His first novel, Children of Amarid, was released by Tor Books in 1997. It was followed by The Outlanders (1998) and Eagle-Sage (2000). In 1999, The LonTobyn Chronicle was awarded the William L. Crawford Memorial Fantasy Award by the International Association for the Fantastic in the Arts (IAFA).', 'www.sff.net/people/davidbcoe'),
(6, 'Eugie', 'Foster', 'Eugie Foster calls home a mildly haunted, fey-infested house in metro Atlanta that she shares with her husband, Matthew. She received the 2009 Nebula Award for Best Novelette, is currently a finalist for the 2010 Hugo Award, and was named the 2009 Author of the Year by Bards and Sages. Eugie''s short story collecton, Returning My Sister''s Face and Other Far Eastern Tales of Whimsy and Malice, is available from Norilana Books.', 'www.eugiefoster.com'),
(7, 'Jana G.', 'Oliver', 'Whether it''s researching graveyards in Atlanta or the asylums of Victorian London, Jana Oliver''s quest for new stories frequently strays off the beaten path. The fruit of that labor is her multi-award winning <cite>Time Rovers</cite> series. Set in 1888 London, the books deftly blend time travel, shape-shifters, and Jack the Ripper. Jana''s latest endeavor is the Demon Trappers series, a young adult urban fantasy set in Atlanta which will debut from St. Martin''s Press in the summer of 2010.', 'www.janaoliver.com'),
(8, 'Linda', 'Taglieri', 'Linda has been blogging about the Wheel of Time since 2001. Her extensive website, The Thirteenth Depository, hosts a reference library, book read-throughs, theory corner, and discussion forums. Her writings provide unique insights into the world of Robert Jordan in context of our own myths, philosophies, and religions.', '13depository.blogspot.com'),
(9, 'Harriet', 'McDougal', 'Harriet McDougal is the widow of Robert Jordan and the editor of The Wheel of Time series. Since Jordan''s death, McDougal has selected Brandon Sanderson to continue writing the series based on Jordan''s notes.', NULL),
(10, 'Jennifer', 'Liang', 'Jennifer Liang is the Convention Chair for JordanCon.', 'www.ageoflegends.net'),
(11, 'James', 'Liang', NULL, NULL),
(12, 'Ben', 'Gundersen', 'Ben likes to design and build things on the Web, and even got some New Yorkers to pay him to do it. You may know his work from fandom-related projects like the TarValon.net website, and this app.', NULL),
(13, 'Shannan', 'Lieb', 'Shannan is a fan of WoT, Brandon Sanderson, the Ohio State Buckeyes, and the Cincinnati Reds.', NULL),
(14, 'Jason', 'Denzel', NULL, 'www.dragonmount.com'),
(15, 'Matt', 'Hatch', NULL, NULL),
(16, 'Alan', 'Romanczuk', NULL, NULL),
(17, 'Wilson', 'Grooms', NULL, NULL),
(18, 'Greg', 'LoCurto', NULL, NULL),
(19, 'Jamie', 'Cybert', NULL, NULL),
(20, 'Chris', 'Cybert', NULL, NULL),
(21, 'Maria', 'Simons', NULL, NULL),
(22, 'Amanda', 'Keen', NULL, NULL),
(23, 'Jason', 'Keen', NULL, NULL),
(24, 'Bao', 'Pham', NULL, NULL),
(25, 'Aubree', 'Pham', NULL, NULL),
(26, 'Chip', 'Moore', NULL, NULL),
(27, 'Jamie', 'Chambers', NULL, NULL),
(28, 'Pinky', 'Shear', NULL, NULL),
(29, 'Steve', 'Wright', NULL, NULL),
(30, 'Tess', 'Ortbals', NULL, NULL),
(31, 'Sarah', 'Barnard', NULL, NULL),
(32, 'Kristy', 'Pew', NULL, NULL),
(33, 'Jendayi Bellydance of Atlanta', NULL, NULL, NULL),
(34, 'Thom', 'DeSimone', NULL, NULL),
(35, 'Aradani Studios', NULL, NULL, NULL),
(36, 'Bargain Basement Books', '', 'Books. You know. The reason you''re here in the first place.', ''),
(37, 'Chain by Thandor', '', '+1 to Charisma (and a bonus against slashing damage)!', ''),
(38, 'Ta''veren Tees', '', 'Don''t be caught "clad in the Light"! Cover up with some officially licensed Wheel of Time threads.', 'www.taverentees.com'),
(39, 'Crimson Art Henna', '', 'Beautiful, unique body art by an experienced artist.', ''),
(40, 'Pinky Shear''s Custom Clothing', '', 'One-of-a-kind apparel for your next costume or special event.', ''),
(41, 'Elizabeth', 'Tong', 'Elizabeth is a graduate of the Savannah College of Art and Design, and has been doing henna professionally since 2002. She also specializes in metalcraft, jewelry, and photography.', 'http://crimsonart.com'),
(42, 'Anthony', 'Aziz', NULL, ''),
(43, 'Karen', 'Green', 'Columbia University', ''),
(44, 'Jessica', 'Abel', 'School of Visual Arts', ''),
(45, 'Bill', 'Kartalopoulos', 'Part-time Faculty, Parson the New School for Design', ''),
(46, 'Tom', 'Hart', 'Founder and Executive Director, The Sequential Artists Workshop', ''),
(47, 'Heidi', 'McDonald', 'The Beat', ''),
(48, 'Dean', 'Haspiel', 'Cuba: My Revolution', ''),
(49, 'Nick', 'Bertozzi', 'Lewis & Clark', ''),
(50, 'Sarah', 'Glidden', 'How to Understand Israel', ''),
(51, 'Nick', 'Abadiz', 'Laika', ''),
(52, 'Mark', 'Newgarden', 'We All Die Alone', ''),
(53, 'Ben', 'Katchtor', 'The Cardboard Valise', ''),
(54, 'Stephen', 'DeStefano', 'Lucky in Love', ''),
(55, 'Lauren', 'Redniss', 'Century Girl', ''),
(56, 'Peter', 'Kuper', 'Stop Forgetting to Remember, Diario de Oaxaca', ''),
(57, 'Al', 'Jaffee', '', ''),
(58, 'Danny', 'Fingeroth', 'MoCCA''s Senior VP of Education', ''),
(59, 'Sam', 'Viviano', '', ''),
(60, 'John', 'Ficarra', '', ''),
(61, 'Hermann', 'Mejia', '', ''),
(62, 'Tim', 'Carvell', '', ''),
(63, 'Ruben', 'Bolling', 'Tom the Dancing Bug', ''),
(64, 'Tim', 'Kreider', 'The Pain - When Will it End?', ''),
(65, 'Ted', 'Rall', 'Year of Loving Dangerously', ''),
(66, 'R.', 'Sikoryak', 'Masterpiece Comics', ''),
(67, 'Brian', 'Heater', '', ''),
(68, 'Jeffrey', 'Lewis', 'Fuff', ''),
(69, 'Lisa', 'Hanawalt', 'I Want You', ''),
(70, 'Ted', 'Stearn', 'Fuzz and Pluck', ''),
(71, 'Julie', 'Klausner', 'The Cat Whisperer', ''),
(72, 'Jackson', 'Publick', '', ''),
(73, 'Rick', 'Parker', 'Deadboy', ''),
(74, 'Gahan', 'Wilson', '', ''),
(75, 'Dash', 'Shaw', 'Body World', ''),
(76, 'Brecht', 'Evens', 'Night Animals', ''),
(77, 'Mats', 'Jonsson', 'Hey Princess', ''),
(78, 'Vile', 'Hannien', '', ''),
(79, 'Justin', 'Tyler', '', ''),
(80, 'Pete', 'LaPage', '', ''),
(81, 'Alex', 'Zalben', '', ''),
(82, 'Fred', 'Chao', 'Jonny Hiro', ''),
(83, 'Liz', 'Baillie', 'Freewheel', ''),
(84, 'Michael', 'Uslan', 'The Boy Who Loved Batman', ''),
(85, 'Jerry', 'Robinson', 'Detective Comics', ''),
(86, 'Gabrielle', 'Bell', 'Lucky', ''),
(87, 'Joe', 'Ollman', 'Mid-Life', ''),
(88, 'Leslie', 'Stein', 'Eye of the Majestic Creature', ''),
(89, 'Pascal', 'Girard', 'Nicolas', ''),
(90, 'Charles', 'Brownstein', 'Comic Book Legal Defense Fund', ''),
(91, 'Jules', 'Feiffer', 'Explainers', ''),
(92, 'Denis', 'Kitchen', 'Kitchen Sink Press', ''),
(93, 'Paul', 'Levitz', '75 Years of DC Comics: The Art of Modern Mythmaking', ''),
(94, 'Julia', 'Wertz', 'Drinking at the Movies', ''),
(95, 'Meredith', 'Gran', 'Octopus Pie', ''),
(96, 'Domitille', 'Collardey', '', ''),
(97, 'Bob', 'Mankoff', 'The Complete Cartoons of the New Yorker', ''),
(98, 'Drew', 'Dernavich', 'The Cartoon Lounge', ''),
(99, 'Paul', 'Noth', 'Late Night with Conan O''Brien', ''),
(100, 'Zachary', 'Kanin', 'The Short Book', ''),
(101, 'Emily', 'Flake', 'Lulu Eightball', ''),
(102, 'Douglas', 'Wolk', '', ''),
(104, 'Sabrina', 'Jones', 'Isadora Duncan, A Graphic Biography', ''),
(105, 'Rebecca', 'Migdal', 'Rosetta Stone Comics', ''),
(106, 'Seth', 'Tobocman', 'Understanding the Crash', ''),
(107, 'Bill', 'Plympton', 'Idiots and Angels', ''),
(108, 'Signe', 'Baumane', 'Birth', ''),
(109, 'Whitney', 'Matheson', 'Pop Candy', ''),
(110, 'Tracy', 'White', 'Traced', ''),
(111, 'Lucy', 'Knisley', 'Stop Paying Attention', ''),
(112, 'M.K.', 'Reed', 'Cross Country', ''),
(113, 'Peter', 'Bagge', '', ''),
(114, 'Robyn', 'Chapman', 'Faculty, The Center for Cartoon Studies', ''),
(116, 'Mike', 'Dawson', 'Troop 142', ''),
(117, 'Alex', 'Robinso', 'Too Cool to be Forgotten', ''),
(118, 'John', 'Kerschbaum', '', ''),
(119, 'Daniel', 'Spottswood', '', ''),
(120, 'Danielle', 'Corsetto', '', ''),
(121, 'Jeff', 'Newelt', 'Heeb Magazine', ''),
(122, 'Chip', 'Kidd', 'Bat-Manga!', ''),
(123, 'Craig', 'Yoe', 'Secret Identity', ''),
(124, 'Yuko', 'Shimizu', 'The Unwritten', ''),
(125, 'Josh', 'Bernstein', 'Royal Flush', ''),
(126, 'David', 'Mac', '', ''),
(127, 'Kate', 'Beaton', 'Hark, A Vagrant', NULL),
(128, 'Leigh', 'Butler', 'Leigh is a freelance writer and blogger for Tor.com.', 'http://www.tor.com/Leigh%20Butler'),
(129, 'Rachel', 'Little', NULL, NULL),
(130, 'Melissa Craib', 'Dombrowski', NULL, NULL),
(131, 'Tiffany', 'Franklin', NULL, NULL),
(132, 'Mary Robinette', 'Kowal', NULL, NULL),
(133, 'Emilie P.', 'Bush', NULL, NULL),
(134, 'Michael', 'Livingston', NULL, NULL),
(135, 'Jeffrey', 'Daniel', NULL, NULL),
(136, 'Theresa', 'Gray', NULL, NULL),
(137, 'Jen', 'Halbman', NULL, NULL),
(138, 'Will', 'Kenyon', NULL, NULL),
(139, 'Sam', 'Weber', NULL, NULL),
(140, 'Ted', 'Herman', NULL, NULL),
(141, 'Thomas', 'DeSimone', NULL, NULL),
(142, 'TWOTcast', NULL, NULL, NULL),
(143, 'Heather', 'Uribe', NULL, NULL),
(144, 'Paul', 'Stevens', NULL, NULL),
(145, 'P.', 'Freeman', NULL, NULL),
(146, 'Peter', 'Ahlstrom', NULL, NULL),
(147, 'The Engineer', 'Guy', NULL, NULL),
(148, 'Toni', 'Weisskopf', NULL, NULL),
(149, 'Darrell R.', 'Sweet', NULL, NULL),
(150, 'Kristy', 'Lussier', NULL, NULL),
(151, 'Melissa', 'Dombrowski', NULL, NULL),
(152, 'Penny Dreadful', 'Productions', NULL, NULL),
(153, 'Erin', 'McDermott', NULL, NULL),
(154, 'JordanCon', 'Staff', NULL, NULL);

-- --------------------------------------------------------

--
-- Table structure for table `linkconventionsguests`
--

CREATE TABLE IF NOT EXISTS `linkconventionsguests` (
  `LinkID` int(11) NOT NULL AUTO_INCREMENT,
  `ConventionID` int(11) NOT NULL,
  `GuestID` int(11) NOT NULL,
  `BioOverride` text,
  `ConventionRole` varchar(64) DEFAULT NULL,
  PRIMARY KEY (`LinkID`),
  UNIQUE KEY `ConventionID` (`ConventionID`,`GuestID`)
) TYPE=MyISAM  AUTO_INCREMENT=15 ;

--
-- Dumping data for table `linkconventionsguests`
--

INSERT INTO `linkconventionsguests` (`LinkID`, `ConventionID`, `GuestID`, `BioOverride`, `ConventionRole`) VALUES
(1, 2, 1, '', 'Special Guest'),
(2, 2, 2, '', 'Toastmaster'),
(3, 2, 5, '', 'Guest of Honor'),
(4, 2, 6, '', 'Special Guest'),
(5, 2, 7, '', 'Special Guest'),
(6, 2, 8, '', 'Special Guest'),
(7, 2, 9, '', 'Special Guest'),
(8, 2, 35, '', 'Vendor'),
(9, 2, 33, '', 'Guest Performance'),
(10, 2, 36, '', 'Vendor'),
(11, 2, 37, '', 'Vendor'),
(12, 2, 38, '', 'Vendor'),
(13, 2, 39, '', 'Vendor'),
(14, 2, 40, '', 'Vendor');

-- --------------------------------------------------------

--
-- Table structure for table `linkeventsguests`
--

CREATE TABLE IF NOT EXISTS `linkeventsguests` (
  `LinkID` int(11) NOT NULL AUTO_INCREMENT,
  `EventID` int(11) NOT NULL,
  `GuestID` int(11) NOT NULL,
  PRIMARY KEY (`LinkID`),
  UNIQUE KEY `EventID` (`EventID`,`GuestID`)
) TYPE=MyISAM  AUTO_INCREMENT=318 ;

--
-- Dumping data for table `linkeventsguests`
--

INSERT INTO `linkeventsguests` (`LinkID`, `EventID`, `GuestID`) VALUES
(1, 42, 2),
(2, 55, 5),
(3, 56, 7),
(4, 56, 6),
(18, 96, 1),
(17, 62, 1),
(16, 76, 1),
(15, 80, 1),
(14, 64, 1),
(13, 58, 1),
(12, 103, 1),
(19, 86, 8),
(20, 64, 8),
(21, 71, 8),
(22, 50, 8),
(23, 52, 8),
(24, 64, 2),
(25, 57, 5),
(26, 78, 5),
(27, 98, 5),
(28, 101, 5),
(29, 94, 5),
(30, 95, 5),
(31, 43, 11),
(32, 44, 11),
(33, 45, 11),
(34, 47, 11),
(35, 60, 11),
(36, 61, 11),
(37, 81, 11),
(38, 82, 11),
(39, 83, 11),
(40, 84, 11),
(41, 85, 11),
(42, 57, 6),
(43, 94, 6),
(44, 52, 16),
(45, 62, 16),
(46, 90, 16),
(47, 51, 12),
(48, 87, 12),
(49, 42, 10),
(50, 93, 10),
(51, 49, 14),
(52, 53, 14),
(53, 70, 14),
(54, 57, 7),
(55, 77, 7),
(56, 95, 7),
(57, 99, 7),
(58, 62, 9),
(59, 64, 9),
(60, 54, 15),
(61, 71, 15),
(62, 90, 15),
(63, 91, 15),
(64, 92, 15),
(65, 51, 13),
(66, 72, 13),
(67, 73, 13),
(68, 89, 13),
(69, 102, 17),
(70, 43, 18),
(71, 44, 18),
(72, 45, 18),
(73, 46, 18),
(74, 82, 18),
(75, 83, 18),
(76, 84, 18),
(77, 85, 18),
(78, 47, 19),
(79, 47, 20),
(80, 70, 21),
(81, 90, 21),
(82, 50, 22),
(83, 71, 22),
(84, 73, 129),
(85, 89, 22),
(87, 80, 24),
(88, 81, 24),
(89, 87, 24),
(90, 91, 25),
(91, 67, 26),
(92, 59, 27),
(93, 78, 27),
(94, 66, 28),
(95, 68, 28),
(96, 87, 26),
(97, 48, 29),
(98, 53, 30),
(99, 53, 31),
(100, 54, 31),
(101, 90, 31),
(102, 54, 32),
(103, 73, 32),
(104, 90, 32),
(105, 69, 33),
(106, 70, 34),
(107, 65, 35),
(108, 103, 16),
(109, 103, 21),
(110, 102, 9),
(111, 99, 6),
(112, 88, 41),
(113, 70, 42),
(114, 104, 43),
(115, 104, 44),
(116, 104, 45),
(117, 104, 46),
(118, 105, 47),
(119, 105, 48),
(120, 105, 49),
(121, 105, 50),
(122, 105, 51),
(123, 106, 52),
(124, 106, 53),
(125, 106, 54),
(126, 106, 55),
(127, 107, 56),
(128, 107, 57),
(129, 108, 58),
(130, 108, 59),
(131, 108, 60),
(132, 108, 61),
(133, 108, 62),
(134, 109, 63),
(135, 109, 64),
(136, 109, 65),
(137, 109, 67),
(138, 110, 66),
(139, 110, 67),
(140, 110, 68),
(141, 110, 127),
(142, 110, 69),
(143, 110, 70),
(144, 110, 71),
(145, 110, 72),
(146, 111, 73),
(147, 112, 67),
(148, 112, 74),
(149, 113, 45),
(150, 113, 75),
(151, 113, 76),
(152, 114, 76),
(153, 114, 77),
(154, 114, 78),
(155, 115, 79),
(156, 115, 80),
(157, 115, 81),
(158, 115, 82),
(159, 115, 83),
(160, 116, 84),
(161, 116, 85),
(162, 117, 86),
(163, 117, 87),
(164, 117, 88),
(165, 117, 89),
(166, 118, 90),
(167, 118, 91),
(168, 118, 92),
(169, 118, 93),
(170, 119, 67),
(171, 119, 94),
(172, 119, 95),
(173, 119, 69),
(174, 119, 127),
(175, 119, 96),
(176, 119, 50),
(177, 120, 97),
(178, 120, 98),
(179, 120, 99),
(180, 120, 100),
(181, 120, 101),
(182, 121, 102),
(183, 121, 56),
(184, 121, 104),
(185, 121, 105),
(186, 121, 106),
(187, 122, 107),
(188, 122, 108),
(189, 122, 66),
(190, 123, 109),
(191, 123, 110),
(192, 123, 111),
(193, 123, 112),
(194, 124, 113),
(195, 124, 67),
(196, 125, 114),
(197, 125, 46),
(198, 126, 116),
(199, 126, 117),
(200, 126, 118),
(201, 126, 119),
(202, 126, 120),
(203, 127, 121),
(204, 127, 122),
(205, 127, 123),
(206, 127, 124),
(207, 127, 125),
(208, 127, 126),
(209, 50, 14),
(210, 50, 128),
(211, 128, 130),
(212, 130, 131),
(213, 131, 39),
(214, 132, 13),
(215, 132, 12),
(216, 133, 132),
(217, 133, 130),
(218, 135, 132),
(219, 135, 133),
(220, 135, 134),
(221, 136, 24),
(222, 136, 12),
(223, 136, 26),
(224, 137, 8),
(225, 137, 135),
(226, 137, 136),
(227, 137, 137),
(228, 138, 138),
(229, 140, 6),
(230, 140, 131),
(231, 140, 129),
(232, 141, 139),
(233, 142, 140),
(234, 142, 141),
(235, 142, 135),
(236, 142, 137),
(237, 142, 128),
(238, 143, 134),
(239, 143, 132),
(240, 144, 142),
(241, 144, 130),
(242, 149, 129),
(243, 149, 131),
(244, 150, 143),
(245, 151, 134),
(246, 152, 133),
(247, 154, 144),
(248, 155, 145),
(249, 156, 134),
(250, 157, 133),
(251, 157, 138),
(252, 157, 146),
(253, 159, 133),
(254, 160, 147),
(255, 161, 13),
(256, 162, 6),
(257, 162, 134),
(258, 164, 148),
(259, 165, 139),
(260, 165, 149),
(261, 165, 14),
(262, 166, 15),
(263, 166, 150),
(264, 166, 31),
(265, 166, 128),
(266, 166, 16),
(267, 167, 132),
(268, 168, 9),
(269, 168, 21),
(270, 168, 16),
(271, 168, 146),
(272, 168, 130),
(273, 169, 132),
(274, 169, 134),
(275, 170, 133),
(276, 171, 133),
(277, 173, 9),
(278, 173, 21),
(279, 173, 8),
(280, 173, 130),
(281, 175, 130),
(282, 175, 35),
(283, 177, 6),
(284, 177, 134),
(285, 179, 131),
(286, 179, 150),
(287, 180, 143),
(288, 181, 8),
(289, 181, 21),
(290, 181, 137),
(291, 182, 6),
(292, 182, 133),
(293, 182, 132),
(294, 182, 144),
(295, 184, 132),
(296, 185, 8),
(297, 186, 15),
(298, 186, 141),
(299, 186, 151),
(300, 186, 135),
(301, 186, 128),
(302, 188, 131),
(303, 189, 152),
(304, 190, 140),
(305, 190, 153),
(306, 190, 8),
(307, 190, 136),
(308, 192, 129),
(309, 194, 8),
(310, 194, 21),
(311, 195, 132),
(312, 195, 144),
(313, 195, 146),
(314, 197, 131),
(315, 198, 154),
(316, 199, 138),
(317, 199, 146);
